Workbook

Sheet Кратко Смета
A1: № | B1: Наименование работ | C1: Смета | E1: Стоимсоть работ (Ресурсная смета) | G1: КП 1 | I1: КП 2 | K1: КП 3 | M1: Работы по факту | O1: Примечание
A2: 1 | B2: Демонтаж перегородок (ЛИТЕР Е) | C2: Статус | D2: "-" | E2: Статус | F2: "-" | G2: Статус | H2: "-" | I2: Статус | J2: "-" | K2: Статус | L2: "-" | M2: Статус | N2: Выполнены | O2: Готовится КС 1
C3: Дата | E3: Дата | G3: Дата | I3: Дата | K3: Дата
C4: Статус | D4: "-" | E4: Статус | F4: "-" | G4: Статус | H4: "-" | I4: Статус | J4: "-" | K4: Статус | L4: "-"
C5: Дата | E5: Дата | G5: Дата | I5: Дата | K5: Дата
C6: Статус | D6: "-" | E6: Статус | F6: "-" | G6: Статус | H6: "-" | I6: Статус | J6: "-" | K6: Статус | L6: "-"
C7: Дата | E7: Дата | G7: Дата | I7: Дата | K7: Дата | M7: Дата
C8: Статус | D8: "-" | E8: Статус | F8: "-" | G8: Статус | H8: "-" | I8: Статус | J8: Пусто | K8: Статус | L8: "-"
C9: Дата | E9: Дата | G9: Дата | I9: Дата | K9: Дата
C10: Сметная стоимость | D10: =Смета_лит.Е!#REF!+Смета_лит.Е!#REF!+(Смета_лит.Е!#REF!/2) -> #REF! | E10: Сметная стоимость | F10: =D10*35% -> #REF! | G10: Компания | H10: РЕБУС | I10: Компания | J10: СПЕЦ-М | K10: Компания | L10: ООО "Сибеон"
G11: Стоимость | H11: 63816 | I11: Стоимость | J11: 81825.6 | K11: Стоимость | L11: 79382.4
A13: 2 | B13: Демонтаж полов (ЛИТЕР Е) | C13: Статус | D13: "-" | E13: Статус | F13: "-" | G13: Статус | H13: Отправлен | I13: Статус | J13: Отправлен | K13: Статус | L13: Отправлен | M13: Статус | N13: Выполнены | O13: Отправлены
C14: Дата | E14: Дата | G14: Дата | H14: 44972 | I14: Дата | J14: 44972 | K14: Дата | L14: 44972
C15: Статус | D15: "-" | E15: Статус | F15: "-" | G15: Статус | H15: Подготовлен | I15: Статус | J15: Подготовлен | K15: Статус | L15: "-"
C16: Дата | E16: Дата | G16: Дата | H16: 44973 | I16: Дата | J16: 44984 | K16: Дата
C17: Статус | D17: "-" | E17: Статус | F17: "-" | G17: Статус | H17: "-" | I17: Статус | J17: Подготовлен | K17: Статус | L17: "-"
C18: Дата | E18: Дата | G18: Дата | I18: Дата | K18: Дата | M18: Дата
C19: Статус | D19: "-" | E19: Статус | F19: "-" | G19: Статус | H19: "-" | I19: Статус | J19: "-" | K19: Статус | L19: "-"
C20: Дата | E20: Дата | G20: Дата | I20: Дата | K20: Дата
C21: Сметная стоимость | D21: =Смета_лит.Е!#REF!+Смета_лит.Е!#REF!+Смета_лит.Е!#REF!+Смета_лит.Е!#REF!+(Смета_лит.Е!#REF!/2) -> #REF! | E21: Сметная стоимость | F21: =D21*35% -> #REF! | G21: Компания | H21: РЕБУС | I21: Компания | J21: ИП Чернат | K21: Компания | L21: СПЕЦ-М
G22: Стоимость | H22: 80221 | I22: Стоимость | J22: 73965 | K22: Стоимость | L22: 90318
A24: 3 | B24: Демонтаж окон и дверей (ЛИТЕР Е) + монтаж уголка | C24: Статус | D24: "-" | E24: Статус | F24: "-" | G24: Статус | H24: "-" | I24: Статус | J24: "-" | K24: Статус | L24: "-" | M24: Статус | N24: Выполнены
C25: Дата | E25: Дата | G25: Дата | I25: Дата | K25: Дата
C26: Статус | D26: "-" | E26: Статус | F26: "-" | G26: Статус | H26: "-" | I26: Статус | J26: "-" | K26: Статус | L26: "-"
C27: Дата | E27: Дата | G27: Дата | I27: Дата | K27: Дата
C28: Статус | D28: "-" | E28: Статус | F28: "-" | G28: Статус | H28: "-" | I28: Статус | J28: "-" | K28: Статус | L28: "-"
C29: Дата | E29: Дата | G29: Дата | I29: Дата | K29: Дата | M29: Дата
C30: Статус | D30: "-" | E30: Статус | F30: "-" | G30: Статус | H30: "-" | I30: Статус | J30: Пусто | K30: Статус | L30: "-"
C31: Дата | E31: Дата | G31: Дата | I31: Дата | K31: Дата
C32: Сметная стоимость | D32: 130000 | E32: Сметная стоимость | F32: =D32*35% -> 45500 | G32: Компания | H32: РЕБУС | I32: Компания | J32: СПЕЦ-М | K32: Компания | L32: Сибеон
G33: Стоимость | H33: 66000 | I33: Стоимость | J33: 75120 | K33: Стоимость | L33: 94560
A35: 4 | B35: Прокладка греющего кабеля СОК | C35: Статус | D35: "-" | E35: Статус | F35: "-" | G35: Статус | H35: "-" | I35: Статус | J35: "-" | K35: Статус | L35: "-" | M35: Статус | N35: Выполнены
C36: Дата | E36: Дата | G36: Дата | I36: Дата | K36: Дата
C37: Статус | D37: "-" | E37: Статус | F37: "-" | G37: Статус | H37: "-" | I37: Статус | J37: "-" | K37: Статус | L37: "-"
C38: Дата | E38: Дата | G38: Дата | I38: Дата | K38: Дата
C39: Статус | D39: "-" | E39: Статус | F39: "-" | G39: Статус | H39: "-" | I39: Статус | J39: "-" | K39: Статус | L39: "-"
C40: Дата | E40: Дата | G40: Дата | I40: Дата | K40: Дата | M40: Дата
C41: Статус | D41: "-" | E41: Статус | F41: "-" | G41: Статус | H41: "-" | I41: Статус | J41: Пусто | K41: Статус | L41: "-"
C42: Дата | E42: Дата | G42: Дата | I42: Дата | K42: Дата
C43: Сметная стоимость | E43: Сметная стоимость | F43: =D43*35% -> 0 | G43: Компания | H43: РЕБУС | I43: Компания | J43: СПЕЦ-М | K43: Компания | L43: ИП Назаров
G44: Стоимость | H44: 65628 | I44: Стоимость | J44: 74364 | K44: Стоимость | L44: 70056
A46: 5 | B46: Продажа материалов (метеостанция) | C46: Статус | D46: "-" | E46: Статус | F46: "-" | G46: Статус | H46: "-" | I46: Статус | J46: "-" | K46: Статус | L46: "-" | M46: Статус | N46: Выполнены | O46: Выполнено
C47: Дата | E47: Дата | G47: Дата | I47: Дата | K47: Дата
C48: Статус | D48: "-" | E48: Статус | F48: "-" | G48: Статус | H48: "-" | I48: Статус | J48: "-" | K48: Статус | L48: "-"
C49: Дата | E49: Дата | G49: Дата | I49: Дата | K49: Дата
C50: Статус | D50: "-" | E50: Статус | F50: "-" | G50: Статус | H50: "-" | I50: Статус | J50: "-" | K50: Статус | L50: "-"
C51: Дата | E51: Дата | G51: Дата | I51: Дата | K51: Дата | M51: Дата
C52: Статус | D52: "-" | E52: Статус | F52: "-" | G52: Статус | H52: "-" | I52: Статус | J52: Пусто | K52: Статус | L52: "-"
C53: Дата | E53: Дата | G53: Дата | I53: Дата | K53: Дата
C54: Сметная стоимость | E54: Сметная стоимость | G54: Компания | H54: РЕБУС | I54: Компания | J54: Невский сервис | K54: Компания | L54: Империя снабжения
G55: Стоимость | H55: 41626 | I55: Стоимость | J55: 53330 | K55: Стоимость | L55: 53570
A57: 6 | B57: Прокладка греющего кабеля (Администрация, 1 корпус) | C57: Статус | D57: "-" | E57: Статус | F57: "-" | G57: Статус | H57: Отправлен | I57: Статус | J57: Отправлен | K57: Статус | L57: Отправлен | M57: Статус | N57: Выполнены
C58: Дата | E58: Дата | G58: Дата | H58: 44991 | I58: Дата | J58: 44991 | K58: Дата | L58: 44991
C59: Статус | D59: "-" | E59: Статус | F59: "-" | G59: Статус | H59: "-" | I59: Статус | J59: "-" | K59: Статус | L59: "-"
C60: Дата | E60: Дата | G60: Дата | I60: Дата | K60: Дата
C61: Статус | D61: "-" | E61: Статус | F61: "-" | G61: Статус | H61: "-" | I61: Статус | J61: "-" | K61: Статус | L61: "-"
C62: Дата | E62: Дата | G62: Дата | I62: Дата | K62: Дата | M62: Дата
C63: Статус | D63: "-" | E63: Статус | F63: "-" | G63: Статус | H63: "-" | I63: Статус | J63: Пусто | K63: Статус | L63: "-"
C64: Дата | E64: Дата | G64: Дата | I64: Дата | K64: Дата
C65: Сметная стоимость | E65: Сметная стоимость | G65: Компания | H65: ИП Чернат | I65: Компания | J65: Сибеон | K65: Компания | L65: РЕБУС
G66: Стоимость | H66: 62100 | I66: Стоимость | J66: 73044 | K66: Стоимость | L66: 60020
A67: 62100
B68: Додемонтаж | C68: Статус | D68: "-" | E68: Статус | F68: "-" | G68: Статус | H68: "-" | I68: Статус | J68: "-" | K68: Статус | L68: "-" | M68: Статус | N68: Выполнены
C69: Дата | E69: Дата | G69: Дата | I69: Дата | K69: Дата
C70: Статус | D70: "-" | E70: Статус | F70: "-" | G70: Статус | H70: "-" | I70: Статус | J70: "-" | K70: Статус | L70: "-"
C71: Дата | E71: Дата | G71: Дата | I71: Дата | K71: Дата
C72: Статус | D72: "-" | E72: Статус | F72: "-" | G72: Статус | H72: "-" | I72: Статус | J72: "-" | K72: Статус | L72: "-"
C73: Дата | E73: Дата | G73: Дата | I73: Дата | K73: Дата | M73: Дата
C74: Статус | D74: "-" | E74: Статус | F74: "-" | G74: Статус | H74: "-" | I74: Статус | J74: Пусто | K74: Статус | L74: "-"
C75: Дата | E75: Дата | G75: Дата | I75: Дата | K75: Дата
C76: Сметная стоимость | D76: =SUM(Смета_лит.Е!#REF!) -> #REF! | E76: Сметная стоимость | F76: =D76*35% -> #REF! | G76: Компания | I76: Компания | K76: Компания
G77: Стоимость | I77: Стоимость | K77: Стоимость
B79: Выямка грунта для полов | C79: Статус | D79: "-" | E79: Статус | F79: "-" | G79: Статус | H79: "-" | I79: Статус | J79: "-" | K79: Статус | L79: "-" | M79: Статус | N79: Выполнены
C80: Дата | E80: Дата | G80: Дата | I80: Дата | K80: Дата
C81: Статус | D81: "-" | E81: Статус | F81: "-" | G81: Статус | H81: "-" | I81: Статус | J81: "-" | K81: Статус | L81: "-"
C82: Дата | E82: Дата | G82: Дата | I82: Дата | K82: Дата
C83: Статус | D83: "-" | E83: Статус | F83: "-" | G83: Статус | H83: "-" | I83: Статус | J83: "-" | K83: Статус | L83: "-"
C84: Дата | E84: Дата | G84: Дата | I84: Дата | K84: Дата | M84: Дата
C85: Статус | D85: "-" | E85: Статус | F85: "-" | G85: Статус | H85: "-" | I85: Статус | J85: Пусто | K85: Статус | L85: "-"
C86: Дата | E86: Дата | G86: Дата | I86: Дата | K86: Дата
C87: Сметная стоимость | D87: =SUM(Смета_лит.Е!#REF!) -> #REF! | E87: Сметная стоимость | F87: =D87*35% -> #REF! | G87: Компания | H87: Ребус | I87: Компания | J87: СПЕЦ-М | K87: Компания
G88: Стоимость | H88: 75360 | I88: Стоимость | J88: 85334 | K88: Стоимость
A90: 8 | B90: Кладочные работы (закладка окон)3100 кирипича 6 м3 | C90: Статус | D90: "-" | E90: Статус | F90: "-" | G90: Статус | H90: "-" | I90: Статус | J90: "-" | K90: Статус | L90: "-" | M90: Статус | N90: Выполнены
C91: Дата | E91: Дата | G91: Дата | I91: Дата | K91: Дата
C92: Статус | D92: "-" | E92: Статус | F92: "-" | G92: Статус | H92: "-" | I92: Статус | J92: "-" | K92: Статус | L92: "-"
C93: Дата | E93: Дата | G93: Дата | I93: Дата | K93: Дата
C94: Статус | D94: "-" | E94: Статус | F94: "-" | G94: Статус | H94: "-" | I94: Статус | J94: "-" | K94: Статус | L94: "-"
C95: Дата | E95: Дата | G95: Дата | I95: Дата | K95: Дата | M95: Дата
C96: Статус | D96: "-" | E96: Статус | F96: "-" | G96: Статус | H96: "-" | I96: Статус | J96: "-" | K96: Статус | L96: "-"
C97: Дата | E97: Дата | G97: Дата | I97: Дата | K97: Дата
C98: Сметная стоимость | D98: =SUM(Смета_лит.Е!#REF!) -> #REF! | E98: Сметная стоимость | F98: =D98*35% -> #REF! | G98: Компания | H98: Ребус | I98: Компания | J98: Спец-М | K98: Компания | L98: Чернат
G99: Стоимость | H99: 87600 | I99: Стоимость | J99: 117831.6 | K99: Стоимость | L99: 114160
A101: 9 | B101: Покупка окон ПВХ | C101: Статус | D101: "-" | E101: Статус | F101: "-" | G101: Статус | H101: Ожидание | I101: Статус | J101: Ответ получен | K101: Статус | L101: Ответ получен | M101: Статус | N101: Выполнены | O101: Выполнено
C102: Дата | E102: Дата | G102: Дата | H102: 44964 | I102: Дата | J102: 44964 | K102: Дата | L102: 44964
C103: Статус | D103: "-" | E103: Статус | F103: "-" | G103: Статус | H103: Подготовлен | I103: Статус | J103: Редакция | K103: Статус | L103: Редакция
C104: Дата | E104: Дата | G104: Дата | H104: 44967 | I104: Дата | J104: 44970 | K104: Дата | L104: 44964
C105: Статус | D105: "-" | E105: Статус | F105: "-" | G105: Статус | H105: "-" | I105: Статус | J105: Ответ получен | K105: Статус | L105: Редакция
C106: Дата | E106: Дата | G106: Дата | I106: Дата | J106: 44970 | K106: Дата | L106: 44970 | M106: Дата
C107: Статус | D107: "-" | E107: Статус | F107: "-" | G107: Статус | H107: "-" | I107: Статус | J107: "-" | K107: Статус | L107: Ответ получен
C108: Дата | E108: Дата | G108: Дата | I108: Дата | K108: Дата | L108: 44970
...

Sheet Смета_лит.Е
B1: Исх. № 39/1 от «13» декабря 2022г.
B2: ЛОКАЛЬНАЯ СМЕТА
A3: на выполнение СМР в здании Литер «Е»
A4: Адрес объекта: г. Санкт-Петербург, ш. Приморское, д. 696, ДОК «Буревестник», здание лит "Е".
A5: № п/п | B5: Наименование работ | C5: Ед. изм. | D5: Кол-во | E5: ст-ть за ед. работ | F5: ст-ть работ | G5: ст-ть за ед. работ | H5: ст-ть работ
E6: Наши цены | G6: Компания 1
A7: 12 | B7: ПОЛЫ ВЫРАВНИВАНИЕ
A8: 12.1 | B8: Подливка полов самовыравнивающимся составом | C8: м2 | D8: 120 | E8: 370 | F8: =D8*E8 -> 44400 | H8: =G8*D8 -> 0
A9: 12.2 | B9: Устройство обмазочной гидроизоляции с заводом на стену с предварительной огрунтовкой (2 слоя) | C9: м2 | D9: 18.72 | E9: 350 | F9: =D9*E9 -> 6552 | H9: =G9*D9 -> 0
A10: 12.3 | B10: Монтаж упрочняющей ленты (стык пол-стена) | C10: м.п | D10: 60.88 | E10: 150 | F10: =D10*E10 -> 9132 | H10: =G10*D10 -> 0
A11: 12.4 | B11: Грунтование поверхности пола | C11: м2 | D11: 195.84 | E11: 250 | F11: =D11*E11 -> 48960 | H11: =G11*D11 -> 0
A12: 14 | B12: ЧЕРНОВЫЕ ЭЛЕКТРО-МОНТАЖНЫЕ РАБОТЫ | H12: =G12*D12 -> 0
A13: 14.1 | B13: Прокладка силовых кабелей в гофре | C13: м.п | D13: 1770 | E13: 120 | F13: =D13*E13 -> 212400 | H13: =G13*D13 -> 0
A14: 14.2 | B14: Установка коробок (монтажные, разветвительные) с расключением кабелей | C14: шт | D14: 40 | E14: 750 | F14: =D14*E14 -> 30000 | H14: =G14*D14 -> 0
A15: 14.3 | B15: Монтаж электрощита | C15: шт | D15: 8 | E15: 1800 | F15: =D15*E15 -> 14400 | H15: =G15*D15 -> 0
A16: 14.4 | B16: Монтаж автоматического выключателя 2-х полюсного | C16: шт | D16: 8 | E16: 350 | F16: =D16*E16 -> 2800 | H16: =G16*D16 -> 0
A17: 14.5 | B17: Монтаж УЗО | C17: шт | D17: 8 | E17: 600 | F17: =D17*E17 -> 4800 | H17: =G17*D17 -> 0
A18: 14.6 | B18: Монтаж автоматического выключателя однополюсного | C18: шт | D18: 48 | E18: 250 | F18: =D18*E18 -> 12000 | H18: =G18*D18 -> 0
A19: 14.7 | B19: Монтаж пожрозетников | C19: шт | D19: 64 | E19: 100 | F19: =D19*E19 -> 6400 | H19: =G19*D19 -> 0
A20: 15 | B20: ПРОКЛАДКА ВЕНТИЛЯЦИИ | H20: =G20*D20 -> 0
A21: 15.1 | B21: Монтаж прямоугольных воздуховодов | C21: м.п. | D21: 24 | E21: 400 | F21: =D21*E21 -> 9600 | H21: =G21*D21 -> 0
A22: 16 | B22: ОБШИВКА СТЕН ГКЛ | H22: =G22*D22 -> 0
A23: 16.1 | B23: Однослойная облицовка из ГКЛ на металлическом каркасе, закрепленном на базовой стене с утеплителем | C23: м2 | D23: 355.44 | E23: 580 | F23: =D23*E23 -> 206155.2 | H23: =G23*D23 -> 0
A24: 17 | B24: МОНТАЖ ПЕРЕГОРОДОК ГКЛ | H24: =G24*D24 -> 0
A25: 17.1 | B25: Перегородка с однослойными обшивками из ГКЛ на одинарном металлическом каркасе с шумоизоляцией | C25: м2 | D25: 205 | E25: 580 | F25: =D25*E25 -> 118900 | H25: =G25*D25 -> 0
A26: 17.2 | B26: Монтаж закладных элементов из листовых материалов | C26: м2 | D26: 16 | E26: 150 | F26: =D26*E26 -> 2400 | H26: =G26*D26 -> 0
A27: 18 | B27: МОНТАЖ ПОТОЛКА ГКЛ | H27: =G27*D27 -> 0
A28: 18.1 | B28: Монтаж одноуровневого потолка ГКЛ | C28: м2 | D28: 154 | E28: 900 | F28: =D28*E28 -> 138600 | H28: =G28*D28 -> 0
A29: 19 | B29: ПОТОЛОК (Черновые работы) | H29: =G29*D29 -> 0
A30: 19.1 | B30: Заделка стыков и саморезов на ГКЛ | C30: м2 | D30: 154 | E30: 90 | F30: =D30*E30 -> 13860 | H30: =G30*D30 -> 0
A31: 19.2 | B31: Шпатлёвка потолка в 2 слоя с ошкуриванием (под окраску) | C31: м2 | D31: 154 | E31: 550 | F31: =D31*E31 -> 84700 | H31: =G31*D31 -> 0
A32: 20 | B32: МОНТАЖ ПОДОКОННИКОВ И ОТКОСОВ | H32: =G32*D32 -> 0
A33: 20.1 | B33: Монтаж подоконников и откосов | C33: к-кс | D33: 1 | E33: 40000 | F33: =D33*E33 -> 40000 | H33: =G33*D33 -> 0
A34: 21 | B34: ОТДЕЛКА ВХОДНЫХ ДВЕРЕЙ | H34: =G34*D34 -> 0
A35: 21.1 | B35: Отделка входных дверей | C35: к-кс | D35: 1 | E35: 20000 | F35: =D35*E35 -> 20000 | H35: =G35*D35 -> 0
A36: 22 | B36: СТЕНЫ (Черновые работы) | H36: =G36*D36 -> 0
A37: 22.1 | B37: Подготовка стен из ГКЛ к шпатлёвке (грунтование, проклейка стыков с укрытием, укрытие саморезов, шлифовка) | C37: м2 | D37: 532 | E37: 150 | F37: =D37*E37 -> 79800 | H37: =G37*D37 -> 0
A38: 22.2 | B38: Шпатлевание стен ГКЛ (подготовка к оклейке обоями) | C38: м2 | D38: =D37 -> 532 | E38: 350 | F38: =D38*E38 -> 186200 | H38: =G38*D38 -> 0
A39: 22.3 | B39: Шлифовка стен (под обои) | C39: м2 | D39: 532 | E39: 250 | F39: =D39*E39 -> 133000 | H39: =G39*D39 -> 0
A40: 23 | B40: МОНТАЖ СИСТЕМЫ ОТОПЛЕНИЯ | H40: =G40*D40 -> 0
A41: 23.1 | B41: Монтаж полипропиленовых труб системы отопления D25-32 | C41: м.п | D41: 200 | E41: 520 | F41: =D41*E41 -> 104000 | H41: =G41*D41 -> 0
A42: 23.2 | B42: Монтаж и подключение радиатора отопления | C42: шт | D42: 16 | E42: 3500 | F42: =D42*E42 -> 56000 | H42: =G42*D42 -> 0
A43: 24 | B43: УКЛАДКА ПЛИТКИ НА СТЕНЫ | H43: =G43*D43 -> 0
A44: 24.1 | B44: Облицовка стен керамогранитной плиткой (с предварительной огрунтовкой) и затиркой швов | C44: м2 | D44: 163.5 | E44: 1250 | F44: =D44*E44 -> 204375 | H44: =G44*D44 -> 0
A45: 25 | B45: УКЛАДКА ПЛИТКИ НА ПОЛ | H45: =G45*D45 -> 0
A46: 25.1 | B46: Облицовка полов керамогранитной плиткой с затиркой швов и с учётом разуклонных уровней | C46: м2 | D46: 62 | E46: 1200 | F46: =D46*E46 -> 74400 | H46: =G46*D46 -> 0
A47: 25.2 | B47: Устройство плинтуса из керамогранита | C47: м.п | D47: 136 | E47: 400 | F47: =D47*E47 -> 54400 | H47: =G47*D47 -> 0
A48: 26 | B48: МОНТАЖ РЕЕЧНОГО ПОТОЛКА | H48: =G48*D48 -> 0
A49: 26.1 | B49: Монтаж реечного потолка | C49: м2 | D49: 27.7 | E49: 580 | F49: =D49*E49 -> 16066 | H49: =G49*D49 -> 0
A50: 27 | B50: ПОТОЛОК (Чистовые работы) | H50: =G50*D50 -> 0
A51: 27.1 | B51: Окраска потолка в два слоя | C51: м2 | D51: 154 | E51: 350 | F51: =D51*E51 -> 53900 | H51: =G51*D51 -> 0
A52: 27.2 | B52: Монтаж плинтуса потолочного | C52: м.п. | D52: 176 | E52: 150 | F52: =D52*E52 -> 26400 | H52: =G52*D52 -> 0
A53: 28 | B53: СТЕНЫ (Чистовые работы) | H53: =G53*D53 -> 0
A54: 28.1 | B54: Оклейка стен обоями (под окраску) | C54: м2 | D54: 384 | E54: 300 | F54: =D54*E54 -> 115200 | H54: =G54*D54 -> 0
A55: 28.2 | B55: Окраска стен и перегородок в два слоя | C55: м2 | D55: 384 | E55: 250 | F55: =D55*E55 -> 96000 | H55: =G55*D55 -> 0
A56: 28.3 | B56: Оклейка стен обоями без подбора рисунка (виниловые, флизелиновые) | C56: м2 | D56: 206 | E56: 300 | F56: =D56*E56 -> 61800 | H56: =G56*D56 -> 0
A57: 29 | B57: УКЛАДКА ЛАМИНАТА | H57: =G57*D57 -> 0
A58: 29.1 | B58: Настил ламината | C58: м2 | D58: 120 | E58: 510 | F58: =D58*E58 -> 61200 | H58: =G58*D58 -> 0
A59: 30 | B59: МОНТАЖ МЕЖКОМНАТНЫХ ДВЕРЕЙ | H59: =G59*D59 -> 0
A60: 30.1 | B60: Установка двери (с врезкой фурнитуры) | C60: шт | D60: 16 | E60: 5800 | F60: =D60*E60 -> 92800 | H60: =G60*D60 -> 0
A61: 31 | B61: МОНТАЖ ПЛАСТИКОВОГО ПЛИНТУСА | H61: =G61*D61 -> 0
A62: 31.1 | B62: Монтаж плинтуса пластик | C62: м.п. | D62: 171 | E62: 320 | F62: =D62*E62 -> 54720 | H62: =G62*D62 -> 0
A63: 32 | B63: ЧИСТОВЫЕ ЭЛЕКТРО-МОНТАЖНЫЕ РАБОТЫ | H63: =G63*D63 -> 0
A64: 32.1 | B64: Установка розеток и выключателей | C64: шт | D64: 64 | E64: 350 | F64: =D64*E64 -> 22400 | H64: =G64*D64 -> 0
A65: 32.2 | B65: Установка светильников встраиваемых/накладных | C65: шт | D65: 88 | E65: 440 | F65: =D65*E65 -> 38720 | H65: =G65*D65 -> 0
A66: 33 | B66: МОНТАЖ ВОДОСНАБЖЕНИЯ И ВОДООТВЕДЕНИЯ | H66: =G66*D66 -> 0
A67: 33.1 | B67: Прокладка полипропиленовых труб водоснабжения D20-25мм | C67: точка | D67: 27 | E67: 520 | F67: =D67*E67 -> 14040 | H67: =G67*D67 -> 0
A68: 33 | B68: САНТЕХНИЧЕСКИЕ РАБОТЫ | H68: =G68*D68 -> 0
A69: 33.2 | B69: Монтаж простого смесителя на гибкой подводке | C69: шт | D69: 16 | E69: 930 | F69: =D69*E69 -> 14880 | H69: =G69*D69 -> 0
A70: 33.3 | B70: Установка раковины | C70: шт | D70: 8 | E70: 1200 | F70: =D70*E70 -> 9600 | H70: =G70*D70 -> 0
A71: 33.4 | B71: Установка напольнго унитаза | C71: шт | D71: 8 | E71: 1400 | F71: =D71*E71 -> 11200 | H71: =G71*D71 -> 0
A72: 33.5 | B72: Установка душевой кабинки | C72: шт | D72: 8 | E72: 6500 | F72: =D72*E72 -> 52000 | H72: =G72*D72 -> 0
A73: 33.6 | B73: Установка смесителя | C73: шт | D73: 8 | E73: 950 | F73: =D73*E73 -> 7600 | H73: =G73*D73 -> 0
B74: ИТОГО: | F74: =SUM(F1:F73) -> 2666760.2 | H74: =SUM(H1:H73) -> 0
B75: Доставка материала, транспортные расходы | C75: % | D75: 10
B76: Накладные расходы | C76: % | D76: 12 | E76: =F74/100 -> 26667.602 | F76: =D76*E76 -> 320011.22 | G76: =H74/100 -> 0 | H76: =F76*G76 -> 0
B77: ИТОГО:

Sheet Расчеты
A1: № | B1: Наименование работ | C1: Стоимость материалов (план) | D1: Стоимость материалов (факт) | E1: Стоимость работ (план) | F1: Стоимость работ (факт)
A2: 1 | B2: Демонтажные работы | C2: =SUM(Смета_лит.Е!#REF!) -> #REF! | D2: =C2*90% -> #REF! | E2: =SUM(Смета_лит.Е!#REF!) -> #REF! | F2: =E2*57% -> #REF!
A3: 2 | B3: Додемонтаж | C3: =SUM(Смета_лит.Е!#REF!) -> #REF! | D3: =C3*90% -> #REF! | E3: =SUM(Смета_лит.Е!#REF!) -> #REF! | F3: =E3*65% -> #REF!
A4: 3 | B4: Выямка грунта для полов | C4: =SUM(Смета_лит.Е!#REF!) -> #REF! | D4: =C4*90% -> #REF! | E4: =SUM(Смета_лит.Е!#REF!) -> #REF! | F4: =E4*65% -> #REF!
A5: 4 | B5: Кладочные работы (закладка окон)3100 кирипича 6 м3 с оставлением отверстий под вентиляцию | C5: =SUM(Смета_лит.Е!#REF!) -> #REF! | D5: =C5*90% -> #REF! | E5: =SUM(Смета_лит.Е!#REF!) -> #REF! | F5: =E5*65% -> #REF!
A6: 5 | B6: Монтаж окон с отливами (без подоконников и откосов) | C6: =SUM(Смета_лит.Е!#REF!) -> #REF! | D6: =C6*90% -> #REF! | E6: =SUM(Смета_лит.Е!#REF!) -> #REF! | F6: =E6*65% -> #REF!
A7: 6 | B7: Монтаж входных дверей (без отделки) | C7: =SUM(Смета_лит.Е!#REF!) -> #REF! | D7: =C7*90% -> #REF! | E7: =SUM(Смета_лит.Е!#REF!) -> #REF! | F7: =E7*65% -> #REF!
A8: 7 | B8: Устройство временного освещения и отопления | C8: =SUM(Смета_лит.Е!#REF!) -> #REF! | D8: =C8*90% -> #REF! | E8: =SUM(Смета_лит.Е!#REF!) -> #REF! | F8: =E8*65% -> #REF!
A9: 8 | B9: Монтаж водоотведения | C9: =SUM(Смета_лит.Е!#REF!) -> #REF! | D9: =C9*90% -> #REF! | E9: =SUM(Смета_лит.Е!#REF!) -> #REF! | F9: =E9*65% -> #REF!
A10: 9 | B10: Подвод горячего водоснабжения и системы отопления | D10: =C10*90% -> 0 | E10: =SUM(Смета_лит.Е!#REF!) -> #REF! | F10: =E10*65% -> #REF!
A11: 10 | B11: Черновой монтаж ГВС и ХВС | C11: =SUM(Смета_лит.Е!#REF!) -> #REF! | D11: =C11*90% -> #REF! | E11: =SUM(Смета_лит.Е!#REF!) -> #REF! | F11: =E11*65% -> #REF!
A12: 11 | B12: Полы (пирог по грунту) | C12: =SUM(Смета_лит.Е!#REF!) -> #REF! | D12: =C12*90% -> #REF! | E12: =SUM(Смета_лит.Е!#REF!) -> #REF! | F12: =E12*65% -> #REF!
A13: 12 | B13: Полы финальная стяжка | C13: =SUM(Смета_лит.Е!#REF!) -> #REF! | D13: =C13*90% -> #REF! | E13: =SUM(Смета_лит.Е!F8:F11) -> 109044 | F13: =E13*65% -> 70878.6
A14: 13 | B14: Разметка помщений | D14: =C14*90% -> 0 | F14: =E14*65% -> 0
A15: 14 | B15: Черновые электромонтажные работы (+Слаботочка выполняется, но считается отдельно) | C15: =SUM(Смета_лит.Е!#REF!) -> #REF! | D15: =C15*90% -> #REF! | E15: =SUM(Смета_лит.Е!F13:F19) -> 282800 | F15: =E15*65% -> 183820
A16: 15 | B16: Прокладка вентиляции | C16: =SUM(Смета_лит.Е!#REF!) -> #REF! | D16: =C16*90% -> #REF! | E16: =SUM(Смета_лит.Е!F21:F21) -> 9600 | F16: =E16*65% -> 6240
A17: 16 | B17: Обшивка стен ГКЛ | C17: =SUM(Смета_лит.Е!#REF!) -> #REF! | D17: =C17*90% -> #REF! | E17: =SUM(Смета_лит.Е!F23:F23) -> 206155.2 | F17: =E17*65% -> 134000.88
B18: Монтаж электрощита и подключение временного освещения | C18: Учтено выше. Это для порядка работ | F18: =E18*65% -> 0
A19: 17 | B19: Монтаж перегородок ГКЛ | C19: =SUM(Смета_лит.Е!#REF!) -> #REF! | D19: =C19*90% -> #REF! | E19: =SUM(Смета_лит.Е!F25:F26) -> 121300 | F19: =E19*65% -> 78845
A20: 18 | B20: Монтаж потолка ГКЛ | C20: =SUM(Смета_лит.Е!#REF!) -> #REF! | D20: =C20*90% -> #REF! | E20: =SUM(Смета_лит.Е!F28:F28) -> 138600 | F20: =E20*65% -> 90090
A21: 19 | B21: Отделка потолка черновая | C21: =SUM(Смета_лит.Е!#REF!) -> #REF! | D21: =C21*90% -> #REF! | E21: =SUM(Смета_лит.Е!F30:F31) -> 98560 | F21: =E21*65% -> 64064
A22: 20 | B22: Монтаж подоконников и откосов | C22: учтены выше | E22: =SUM(Смета_лит.Е!F33) -> 40000 | F22: =E22*65% -> 26000
A23: 21 | B23: Отделка входных дверей | D23: =C23*90% -> 0 | E23: =SUM(Смета_лит.Е!F35) -> 20000 | F23: =E23*65% -> 13000
A24: 22 | B24: Отделка стен черновая | C24: =SUM(Смета_лит.Е!#REF!) -> #REF! | D24: =C24*90% -> #REF! | E24: =SUM(Смета_лит.Е!F37:F39) -> 399000 | F24: =E24*65% -> 259350
A25: 23 | B25: Монтаж системы отопления | C25: =SUM(Смета_лит.Е!#REF!) -> #REF! | D25: =C25*90% -> #REF! | E25: =SUM(Смета_лит.Е!F41:F42) -> 160000 | F25: =E25*65% -> 104000
A26: 24 | B26: Укладка плитки на стены | C26: =SUM(Смета_лит.Е!#REF!) -> #REF! | D26: =C26*90% -> #REF! | E26: =SUM(Смета_лит.Е!F44:F44) -> 204375 | F26: =E26*65% -> 132843.75
A27: 25 | B27: Укладка плитки на пол | C27: =SUM(Смета_лит.Е!#REF!) -> #REF! | D27: =C27*90% -> #REF! | E27: =SUM(Смета_лит.Е!F46:F47) -> 128800 | F27: =E27*65% -> 83720
A28: 26 | B28: Монтаж реечного потолка ванна | C28: =SUM(Смета_лит.Е!#REF!) -> #REF! | D28: =C28*90% -> #REF! | E28: =SUM(Смета_лит.Е!F49:F49) -> 16066 | F28: =E28*65% -> 10442.9
A29: 27 | B29: Чистовая отделка потолка | C29: =SUM(Смета_лит.Е!#REF!) -> #REF! | D29: =C29*90% -> #REF! | E29: =SUM(Смета_лит.Е!F51:F52) -> 80300 | F29: =E29*65% -> 52195
A30: 28 | B30: Чистовая отделка стен | C30: =SUM(Смета_лит.Е!#REF!) -> #REF! | D30: =C30*90% -> #REF! | E30: =SUM(Смета_лит.Е!F54:F56) -> 273000 | F30: =E30*65% -> 177450
A31: 29 | B31: Укладка ламината | C31: =SUM(Смета_лит.Е!#REF!) -> #REF! | D31: =C31*90% -> #REF! | E31: =SUM(Смета_лит.Е!F58:F58) -> 61200 | F31: =E31*65% -> 39780
A32: 30 | B32: Монтаж межкомнатных дверей | C32: =SUM(Смета_лит.Е!#REF!) -> #REF! | D32: =C32*90% -> #REF! | E32: =SUM(Смета_лит.Е!F60:F60) -> 92800 | F32: =E32*65% -> 60320
A33: 31 | B33: Установка плинтусов | C33: =SUM(Смета_лит.Е!#REF!) -> #REF! | D33: =C33*90% -> #REF! | E33: =SUM(Смета_лит.Е!F62:F62) -> 54720 | F33: =E33*65% -> 35568
A34: 32 | B34: Чистовые электромонтажные работы | C34: =SUM(Смета_лит.Е!#REF!) -> #REF! | D34: =C34*90% -> #REF! | E34: =SUM(Смета_лит.Е!F64:F65) -> 61120 | F34: =E34*65% -> 39728
A35: 33 | B35: Установка сантехники | C35: =SUM(Смета_лит.Е!#REF!) -> #REF! | D35: =C35*90% -> #REF! | E35: =SUM(Смета_лит.Е!F67:F73) -> 109320 | F35: =E35*65% -> 71058
B38: Итого: | C38: =SUM(C2:C37) -> #REF! | D38: =SUM(D2:D35) -> #REF! | E38: =SUM(E2:E37) -> #REF! | F38: =SUM(F2:F37) -> #REF!
B39: Итого: | C39: План: | D39: =C38+E38 -> #REF! | E39: Факт: | F39: =D38+F38 -> #REF! | G39: Разница: | H39: =D39-F39 -> #REF!

Sheet Доп.
A1: Статус | B1: Статус | C1: Статус
A2: "-" | B2: "-" | C2: "-"
A3: Подготовлен | B3: Подготовлен | C3: Не выполнены
A4: Отправлен | B4: Отправлен | C4: Выполнены
A5: Редакция | B5: Ожидание
A6: На подписи | B6: На подписи
A7: Подписан | B7: Подписан
B8: Ответ получен
B9: Редакция

Sheet Лист1
A1: № п/п | B1: Наименование работ | C1: Ед. изм. | D1: Кол-во | E1: ст-ть за ед. работ | F1: ст-ть работ | G1: Ресурсная стоимость | H1: Количество смен | I1: Количество сотрудников | J1: Количество смен с учетом количества сотрудников | K1: Желаемое количество смен | L1: Фактическое количество смен
A2: 1 | B2: ДЕМОНТАЖНЫЕ РАБОТЫ
A3: 1.1 | B3: Демонтаж перегородок (доска + дранка) | C3: м2 | D3: 158.4 | E3: 450 | F3: =D3*E3 -> 71280 | G3: =F3*40% -> 28512 | H3: =G3/2500 -> 11.4048 | I3: 2 | J3: =H3/I3 -> 5.7024
A4: 1.2 | B4: Демонтаж полового настила (доска) | C4: м2 | D4: 189 | E4: 250 | F4: =D4*E4 -> 47250 | G4: =F4*40% -> 18900 | H4: =G4/2500 -> 7.56 | I4: 2 | J4: =H4/I4 -> 3.78
A5: 1.3 | B5: Демонтаж лаг (брус) | C5: м2 | D5: 189 | E5: 145 | F5: =D5*E5 -> 27405 | G5: =F5*40% -> 10962 | H5: =G5/2500 -> 4.3848 | I5: 2 | J5: =H5/I5 -> 2.1924
A6: 1.4 | B6: Демонтаж кафельной плитки с расчисткой основания от клеевого состава | C6: м2 | D6: 24 | E6: 250 | F6: =D6*E6 -> 6000 | G6: =F6*40% -> 2400 | H6: =G6/2500 -> 0.96 | I6: 2 | J6: =H6/I6 -> 0.48
A7: 1.5 | B7: Демонтаж радиаторов отопления и металлических труб | C7: м.п. | D7: 40 | E7: 210 | F7: =D7*E7 -> 8400 | G7: =F7*40% -> 3360 | H7: =G7/2500 -> 1.344 | I7: 2 | J7: =H7/I7 -> 0.672
A8: 1.6 | B8: Демонтаж кирпичной кладки | C8: м2 | D8: 18.7 | E8: 700 | F8: =D8*E8 -> 13090 | G8: =F8*40% -> 5236 | H8: =G8/2500 -> 2.0944 | I8: 2 | J8: =H8/I8 -> 1.0472
A9: 1.7 | B9: Снятие дверных коробок с полотнами (дерево + стекло) | C9: шт. | D9: 16 | E9: 1050 | F9: =D9*E9 -> 16800 | G9: =F9*40% -> 6720 | H9: =G9/2500 -> 2.688 | I9: 2 | J9: =H9/I9 -> 1.344
A10: 1.8 | B10: Демонтаж окон | C10: шт. | D10: 4 | E10: 900 | F10: =D10*E10 -> 3600 | G10: =F10*40% -> 1440 | H10: =G10/2500 -> 0.576 | I10: 2 | J10: =H10/I10 -> 0.288
A11: 1.9 | B11: Вынос строительного мусора (после демонтажа) | C11: тн | D11: 4.2 | E11: 2000 | F11: =D11*E11 -> 8400 | G11: =F11*40% -> 3360 | H11: =G11/2500 -> 1.344 | I11: 2 | J11: =H11/I11 -> 0.672
A12: 2 | B12: ДОДЕМОНТАЖ | G12: =F12*40% -> 0 | H12: =G12/2500 -> 0 | I12: 2 | J12: =H12/I12 -> 0
A13: 2.1 | B13: Додемонтажные работы (сбивка штукатурки с окон, зачистка дверных проемов и т.д.) | C13: к-кс | D13: 1 | E13: 15000 | F13: =D13*E13 -> 15000 | G13: =F13*40% -> 6000 | H13: =G13/2500 -> 2.4 | I13: 2 | J13: =H13/I13 -> 1.2
A14: 3 | B14: ВЫЯМКА ГРУНТА ДЛЯ ПОЛОВ | G14: =F14*40% -> 0 | H14: =G14/2500 -> 0 | I14: 2 | J14: =H14/I14 -> 0
A15: 3.1 | B15: Демонтаж стяжки (толщина не более 150мм) | C15: м2 | D15: 32 | E15: 500 | F15: =D15*E15 -> 16000 | G15: =F15*40% -> 6400 | H15: =G15/2500 -> 2.56 | I15: 2 | J15: =H15/I15 -> 1.28
A16: 3.2 | B16: Выямка грунта со строительным мусором (Н-300мм. S-197м2) | C16: м3 | D16: 60 | E16: 550 | F16: =D16*E16 -> 33000 | G16: =F16*40% -> 13200 | H16: =G16/2500 -> 5.28 | I16: 2 | J16: =H16/I16 -> 2.64
A17: 3.3 | B17: Демонтаж кирпичных опор деревянного пола | C17: м.п. | D17: 48 | E17: 700 | F17: =D17*E17 -> 33600 | G17: =F17*40% -> 13440 | H17: =G17/2500 -> 5.376 | I17: 2 | J17: =H17/I17 -> 2.688
A18: 4 | B18: КЛАДОЧНЫЕ РАБОТЫ | G18: =F18*40% -> 0 | H18: =G18/2500 -> 0 | I18: 2 | J18: =H18/I18 -> 0
A19: 4.1 | B19: Закладка дверных и оконных проемов | C19: м3 | D19: 6 | E19: 6800 | F19: =D19*E19 -> 40800 | G19: =F19*40% -> 16320 | H19: =G19/2500 -> 6.528 | I19: 2 | J19: =H19/I19 -> 3.264
A20: 4.2 | B20: Монтаж металлического уголка (над окнами и дверями)+сварочные работы | C20: шт | D20: 32 | E20: 1100 | F20: =D20*E20 -> 35200 | G20: =F20*40% -> 14080 | H20: =G20/2500 -> 5.632 | I20: 2 | J20: =H20/I20 -> 2.816
A21: 4.3 | B21: Устройство тепляка | C21: м2 | D21: 240 | E21: 100 | F21: =D21*E21 -> 24000 | G21: =F21*40% -> 9600 | H21: =G21/2500 -> 3.84 | I21: 2 | J21: =H21/I21 -> 1.92
A22: 5 | B22: ОКНА | G22: =F22*40% -> 0 | H22: =G22/2500 -> 0 | I22: 2 | J22: =H22/I22 -> 0
A23: 5.1 | B23: Монтаж окон без отделки | C23: шт | D23: 8 | E23: 3000 | F23: =D23*E23 -> 24000 | G23: =F23*40% -> 9600 | H23: =G23/2500 -> 3.84 | I23: 2 | J23: =H23/I23 -> 1.92
A24: 6 | B24: ВХОДНЫЕ ДВЕРИ | G24: =F24*40% -> 0 | H24: =G24/2500 -> 0 | I24: 2 | J24: =H24/I24 -> 0
A25: 6.1 | B25: Монтаж входных дверей (без отделки) | C25: шт | D25: 8 | E25: 2500 | F25: =D25*E25 -> 20000 | G25: =F25*40% -> 8000 | H25: =G25/2500 -> 3.2 | I25: 2 | J25: =H25/I25 -> 1.6
A26: 7 | B26: УСТРОЙСТВО ВРЕМЕННОГО ОСВЕЩЕНИЯ И ОТОПЛЕНИЯ | G26: =F26*40% -> 0 | H26: =G26/2500 -> 0 | I26: 2 | J26: =H26/I26 -> 0
A27: 7.1 | B27: Работы по устройству временного освещения и отопления | C27: к-кс | D27: 1 | E27: 7000 | F27: =D27*E27 -> 7000 | G27: =F27*40% -> 2800 | H27: =G27/2500 -> 1.12 | I27: 2 | J27: =H27/I27 -> 0.56
A28: 8 | B28: МОНТАЖ ВОДООТВЕДЕНИЯ | G28: =F28*40% -> 0 | H28: =G28/2500 -> 0 | I28: 2 | J28: =H28/I28 -> 0
A29: 8.1 | B29: Монтаж труб канализации | C29: точка | D29: 18 | E29: 1850 | F29: =D29*E29 -> 33300 | G29: =F29*40% -> 13320 | H29: =G29/2500 -> 5.328 | I29: 2 | J29: =H29/I29 -> 2.664
A30: 8.2 | B30: Пробивка отверстий в бетоне (более 200мм) | C30: шт | D30: 4 | E30: 2900 | F30: =D30*E30 -> 11600 | G30: =F30*40% -> 4640 | H30: =G30/2500 -> 1.856 | I30: 2 | J30: =H30/I30 -> 0.928
A31: 8.3 | B31: Можтаж металлических гильз | C31: шт | D31: 4 | E31: 1000 | F31: =D31*E31 -> 4000 | G31: =F31*40% -> 1600 | H31: =G31/2500 -> 0.64 | I31: 2 | J31: =H31/I31 -> 0.32
A32: 8.4 | B32: Замазка и запенивание гильз | C32: к-кс | D32: 4 | E32: 1000 | F32: =D32*E32 -> 4000 | G32: =F32*40% -> 1600 | H32: =G32/2500 -> 0.64 | I32: 2 | J32: =H32/I32 -> 0.32
A33: 9 | B33: ПОДВОД ГОРЯЧЕГО ВОДОСНАВЖЕНИЯ И ОТОПЛЕНИЯ | G33: =F33*40% -> 0 | H33: =G33/2500 -> 0 | I33: 2 | J33: =H33/I33 -> 0
A34: 9.1 | B34: Работы по подводу горячего водоснабжения и отопления | C34: к-кс | D34: 1 | E34: 30000 | F34: =D34*E34 -> 30000 | G34: =F34*40% -> 12000 | H34: =G34/2500 -> 4.8 | I34: 2 | J34: =H34/I34 -> 2.4
G35: =F35*40% -> 0 | H35: =G35/2500 -> 0 | I35: 2 | J35: =H35/I35 -> 0
A36: 10 | B36: ЧЕРНОВОЙ МОНТАЖ ГВС И ХВС | G36: =F36*40% -> 0 | H36: =G36/2500 -> 0 | I36: 2 | J36: =H36/I36 -> 0
A37: 10.1 | B37: Разводка труб ХВС, ГВС в земле | C37: м.п. | D37: 98 | E37: 210 | F37: =D37*E37 -> 20580 | G37: =F37*40% -> 8232 | H37: =G37/2500 -> 3.2928 | I37: 2 | J37: =H37/I37 -> 1.6464
A38: 10.2 | B38: Монтаж греющего кабеля | C38: м.п. | D38: 98 | E38: 180 | F38: =D38*E38 -> 17640 | G38: =F38*40% -> 7056 | H38: =G38/2500 -> 2.8224 | I38: 2 | J38: =H38/I38 -> 1.4112
A39: 10.3 | B39: Теплоизоляция труб | C39: м.п. | D39: 90 | E39: 100 | F39: =D39*E39 -> 9000 | G39: =F39*40% -> 3600 | H39: =G39/2500 -> 1.44 | I39: 2 | J39: =H39/I39 -> 0.72
A40: 10.4 | B40: Землянные работы | C40: к-кс | D40: 1 | E40: 5000 | F40: =D40*E40 -> 5000 | G40: =F40*40% -> 2000 | H40: =G40/2500 -> 0.8 | I40: 2 | J40: =H40/I40 -> 0.4
A41: 10.5 | B41: Пробивка отверстий в бетоне (более 200мм) | C41: шт | D41: 1 | E41: 2900 | F41: =D41*E41 -> 2900 | G41: =F41*40% -> 1160 | H41: =G41/2500 -> 0.464 | I41: 2 | J41: =H41/I41 -> 0.232
A42: 10.6 | B42: Организация ниш в фундаменте под трубы | C42: к-кс | D42: 4 | E42: 1500 | F42: =D42*E42 -> 6000 | G42: =F42*40% -> 2400 | H42: =G42/2500 -> 0.96 | I42: 2 | J42: =H42/I42 -> 0.48
A43: 11 | B43: ПОЛЫ ОСНОВАНИЕ (черновые работы) | G43: =F43*40% -> 0 | H43: =G43/2500 -> 0 | I43: 2 | J43: =H43/I43 -> 0
A44: 11.1 | B44: Устройство подстилающего слоя | C44: м3 | D44: 60 | E44: 1050 | F44: =D44*E44 -> 63000 | G44: =F44*40% -> 25200 | H44: =G44/2500 -> 10.08 | I44: 2 | J44: =H44/I44 -> 5.04 | K44: 2
A45: 11.2 | B45: Устройство слоя из щебня | C45: м3 | D45: 29 | E45: 1050 | F45: =D45*E45 -> 30450 | G45: =F45*40% -> 12180 | H45: =G45/2500 -> 4.872 | I45: 2 | J45: =H45/I45 -> 2.436 | K45: 3
A46: 11.3 | B46: Гидроизоляция | C46: м2 | D46: 195 | E46: 120 | F46: =D46*E46 -> 23400 | G46: =F46*40% -> 9360 | H46: =G46/2500 -> 3.744 | I46: 2 | J46: =H46/I46 -> 1.872 | K46: 3
A47: 11.4 | B47: Устройство теплоизоляционного слоя | C47: м2 | D47: 195 | E47: 150 | F47: =D47*E47 -> 29250 | G47: =F47*40% -> 11700 | H47: =G47/2500 -> 4.68 | I47: 2 | J47: =H47/I47 -> 2.34 | K47: 2
A48: 11.5 | B48: Армирование с перевязкой сетки | C48: м2 | D48: 195.84 | E48: 170 | F48: =D48*E48 -> 33292.8 | G48: =F48*40% -> 13317.12 | H48: =G48/2500 -> 5.326848 | I48: 2 | J48: =H48/I48 -> 2.663424 | K48: 2
A49: 11.6 | B49: Устройство цементно-песчанной стяжки 50 мм | C49: м2 | D49: 196 | E49: 750 | F49: =D49*E49 -> 147000 | G49: =F49*40% -> 58800 | H49: =G49/2500 -> 23.52 | I49: 2 | J49: =H49/I49 -> 11.76
A50: 12 | B50: ПОЛЫ ВЫРАВНИВАНИЕ | G50: =F50*40% -> 0 | H50: =G50/2500 -> 0 | I50: 2 | J50: =H50/I50 -> 0
A51: 12.1 | B51: Подливка полов самовыравнивающимся составом | C51: кг | D51: 195.84 | E51: 370 | F51: =D51*E51 -> 72460.8 | G51: =F51*40% -> 28984.32 | H51: =G51/2500 -> 11.593728 | I51: 2 | J51: =H51/I51 -> 5.796864 | K51: 1
A52: 12.2 | B52: Устройство обмазочной гидроизоляции с заводом на стену с предварительной огрунтовкой (2 слоя) | C52: м2 | D52: 18.72 | E52: 350 | F52: =D52*E52 -> 6552 | G52: =F52*40% -> 2620.8 | H52: =G52/2500 -> 1.04832 | I52: 2 | J52: =H52/I52 -> 0.52416 | K52: 1
A53: 12.3 | B53: Монтаж упрочняющей ленты (стык пол-стена) | C53: м.п | D53: 60.88 | E53: 150 | F53: =D53*E53 -> 9132 | G53: =F53*40% -> 3652.8 | H53: =G53/2500 -> 1.46112 | I53: 2 | J53: =H53/I53 -> 0.73056
A54: 12.4 | B54: Грунтование поверхности пола | C54: м2 | D54: 195.84 | E54: 250 | F54: =D54*E54 -> 48960 | G54: =F54*40% -> 19584 | H54: =G54/2500 -> 7.8336 | I54: 2 | J54: =H54/I54 -> 3.9168
A55: 13 | B55: РАЗМЕТКА ПОМЕЩЕНИЙ | G55: =F55*40% -> 0 | H55: =G55/2500 -> 0 | I55: 2 | J55: =H55/I55 -> 0
A56: 13.1 | B56: Разметка помещений | C56: к-кс | D56: 1 | E56: 5000 | F56: =D56*E56 -> 5000 | G56: =F56*40% -> 2000 | H56: =G56/2500 -> 0.8 | I56: 2 | J56: =H56/I56 -> 0.4 | K56: 1
A57: 14 | B57: ЧЕРНОВЫЕ ЭЛЕКТРО-МОНТАЖНЫЕ РАБОТЫ | G57: =F57*40% -> 0 | H57: =G57/2500 -> 0 | I57: 2 | J57: =H57/I57 -> 0
A58: 14.1 | B58: Прокладка силовых кабелей в гофре | C58: м.п | D58: 1055 | E58: 180 | F58: =D58*E58 -> 189900 | G58: =F58*40% -> 75960 | H58: =G58/2500 -> 30.384 | I58: 2 | J58: =H58/I58 -> 15.192
A59: 14.2 | B59: Установка коробок (монтажные, разветвительные) с расключением кабелей | C59: шт | D59: 40 | E59: 750 | F59: =D59*E59 -> 30000 | G59: =F59*40% -> 12000 | H59: =G59/2500 -> 4.8 | I59: 2 | J59: =H59/I59 -> 2.4
A60: 14.3 | B60: Монтаж электрощита | C60: шт | D60: 8 | E60: 2000 | F60: =D60*E60 -> 16000 | G60: =F60*40% -> 6400 | H60: =G60/2500 -> 2.56 | I60: 2 | J60: =H60/I60 -> 1.28
A61: 14.4 | B61: Монтаж автоматического выключателя 2-х полюсного | C61: шт | D61: 8 | E61: 420 | F61: =D61*E61 -> 3360 | G61: =F61*40% -> 1344 | H61: =G61/2500 -> 0.5376 | I61: 2 | J61: =H61/I61 -> 0.2688
A62: 14.5 | B62: Монтаж УЗО | C62: шт | D62: 8 | E62: 800 | F62: =D62*E62 -> 6400 | G62: =F62*40% -> 2560 | H62: =G62/2500 -> 1.024 | I62: 2 | J62: =H62/I62 -> 0.512
A63: 14.6 | B63: Монтаж автоматического выключателя однополюсного | C63: шт | D63: 48 | E63: 700 | F63: =D63*E63 -> 33600 | G63: =F63*40% -> 13440 | H63: =G63/2500 -> 5.376 | I63: 2 | J63: =H63/I63 -> 2.688
A64: 14.7 | B64: Монтад пожрозетников | C64: шт | D64: 64 | E64: 200 | F64: =D64*E64 -> 12800 | G64: =F64*40% -> 5120 | H64: =G64/2500 -> 2.048 | I64: 2 | J64: =H64/I64 -> 1.024
A65: 14а | B65: СЛАБОТОЧНЫЕ РАБОТЫ | G65: =F65*40% -> 0 | H65: =G65/2500 -> 0 | I65: 2 | J65: =H65/I65 -> 0
A66: 15 | B66: ПРОКЛАДКА ВЕНТИЛЯЦИИ | G66: =F66*40% -> 0 | H66: =G66/2500 -> 0 | I66: 2 | J66: =H66/I66 -> 0
A67: 15.1 | B67: Монтаж прямоугольных воздуховодов | C67: м.п. | D67: 55 | E67: 400 | F67: =D67*E67 -> 22000 | G67: =F67*40% -> 8800 | H67: =G67/2500 -> 3.52 | I67: 2 | J67: =H67/I67 -> 1.76
B68: Организация отверстий под вентиляцию | C68: шт. | D68: 8 | E68: 1000 | F68: =D68*E68 -> 8000 | G68: =F68*40% -> 3200 | H68: =G68/2500 -> 1.28 | I68: 2 | J68: =H68/I68 -> 0.64
A69: 16 | B69: ОБШИВКА СТЕН ГКЛ | G69: =F69*40% -> 0 | H69: =G69/2500 -> 0 | I69: 2 | J69: =H69/I69 -> 0
A70: 16.1 | B70: Однослойная облицовка из ГКЛ на металлическом каркасе, закрепленном на базовой стене с утеплителем | C70: м2 | D70: 355.44 | E70: 580 | F70: =D70*E70 -> 206155.2 | G70: =F70*40% -> 82462.08 | H70: =G70/2500 -> 32.984832 | I70: 2 | J70: =H70/I70 -> 16.492416 | K70: 16
A71: 17 | B71: МОНТАЖ ПЕРЕГОРОДОК ГКЛ | G71: =F71*40% -> 0 | H71: =G71/2500 -> 0 | I71: 2 | J71: =H71/I71 -> 0
A72: 17.1 | B72: Перегородка с однослойными обшивками из ГКЛ на одинарном металлическом каркасе с шумоизоляцией | C72: м2 | D72: 205 | E72: 580 | F72: =D72*E72 -> 118900 | G72: =F72*40% -> 47560 | H72: =G72/2500 -> 19.024 | I72: 2 | J72: =H72/I72 -> 9.512 | K72: 10
A73: 17.2 | B73: Монтаж закладных элементов из листовых материалов | C73: м2 | D73: 16 | E73: 150 | F73: =D73*E73 -> 2400 | G73: =F73*40% -> 960 | H73: =G73/2500 -> 0.384 | I73: 2 | J73: =H73/I73 -> 0.192
A74: 18 | B74: МОНТАЖ ПОТОЛКА ГКЛ | G74: =F74*40% -> 0 | H74: =G74/2500 -> 0 | I74: 2 | J74: =H74/I74 -> 0
A75: 18.1 | B75: Монтаж одноуровневого потолка ГКЛ | C75: м2 | D75: 154 | E75: 900 | F75: =D75*E75 -> 138600 | G75: =F75*40% -> 55440 | H75: =G75/2500 -> 22.176 | I75: 2 | J75: =H75/I75 -> 11.088 | K75: 10
A76: 19 | B76: ПОТОЛОК (Черновые работы) | G76: =F76*40% -> 0 | H76: =G76/2500 -> 0 | I76: 2 | J76: =H76/I76 -> 0
A77: 19.1 | B77: Заделка стыков и саморезов на ГКЛ | C77: м2 | D77: 154 | E77: 90 | F77: =D77*E77 -> 13860 | G77: =F77*40% -> 5544 | H77: =G77/2500 -> 2.2176 | I77: 2 | J77: =H77/I77 -> 1.1088 | K77: 1
A78: 19.2 | B78: Шпатлёвка потолка в 2 слоя с ошкуриванием (под окраску) | C78: м2 | D78: 154 | E78: 550 | F78: =D78*E78 -> 84700 | G78: =F78*40% -> 33880 | H78: =G78/2500 -> 13.552 | I78: 2 | J78: =H78/I78 -> 6.776 | K78: 7
A79: 20 | B79: МОНТАЖ ПОДОКОННИКОВ И ОТКОСОВ | G79: =F79*40% -> 0 | H79: =G79/2500 -> 0 | I79: 2 | J79: =H79/I79 -> 0
A80: 20.1 | B80: Монтаж подоконников и откосов | C80: к-кс | D80: 1 | E80: 40000 | F80: =D80*E80 -> 40000 | G80: =F80*40% -> 16000 | H80: =G80/2500 -> 6.4 | I80: 2 | J80: =H80/I80 -> 3.2 | K80: 4
A81: 21 | B81: ОТДЕЛКА ВХОДНЫХ ДВЕРЕЙ | G81: =F81*40% -> 0 | H81: =G81/2500 -> 0 | I81: 2 | J81: =H81/I81 -> 0
A82: 21.1 | B82: Отделка входных дверей | C82: к-кс | D82: 1 | E82: 20000 | F82: =D82*E82 -> 20000 | G82: =F82*40% -> 8000 | H82: =G82/2500 -> 3.2 | I82: 2 | J82: =H82/I82 -> 1.6 | K82: 2
A83: 22 | B83: СТЕНЫ (Черновые работы) | G83: =F83*40% -> 0 | H83: =G83/2500 -> 0 | I83: 2 | J83: =H83/I83 -> 0
A84: 22.1 | B84: Подготовка стен из ГКЛ к шпатлёвке (грунтование, проклейка стыков с укрытием, укрытие саморезов, шлифовка) | C84: м2 | D84: 532 | E84: 150 | F84: =D84*E84 -> 79800 | G84: =F84*40% -> 31920 | H84: =G84/2500 -> 12.768 | I84: 2 | J84: =H84/I84 -> 6.384 | K84: 4
A85: 22.2 | B85: Шпатлевание стен ГКЛ (подготовка к оклейке обоями) | C85: м2 | D85: =D84 -> 532 | E85: 350 | F85: =D85*E85 -> 186200 | G85: =F85*40% -> 74480 | H85: =G85/2500 -> 29.792 | I85: 2 | J85: =H85/I85 -> 14.896 | K85: 16
A86: 22.3 | B86: Шлифовка стен (под обои) | C86: м2 | D86: 532 | E86: 250 | F86: =D86*E86 -> 133000 | G86: =F86*40% -> 53200 | H86: =G86/2500 -> 21.28 | I86: 2 | J86: =H86/I86 -> 10.64 | K86: 4
A87: 23 | B87: МОНТАЖ СИСТЕМЫ ОТОПЛЕНИЯ | G87: =F87*40% -> 0 | H87: =G87/2500 -> 0 | I87: 2 | J87: =H87/I87 -> 0
A88: 23.1 | B88: Монтаж полипропиленовых труб системы отопления D25-32 | C88: м.п | D88: 150 | E88: 520 | F88: =D88*E88 -> 78000 | G88: =F88*40% -> 31200 | H88: =G88/2500 -> 12.48 | I88: 2 | J88: =H88/I88 -> 6.24 | K88: 8
A89: 23.2 | B89: Монтаж и подключение радиатора отопления | C89: шт | D89: 8 | E89: 3500 | F89: =D89*E89 -> 28000 | G89: =F89*40% -> 11200 | H89: =G89/2500 -> 4.48 | I89: 2 | J89: =H89/I89 -> 2.24
A90: 24 | B90: УКЛАДКА ПЛИТКИ НА СТЕНЫ | G90: =F90*40% -> 0 | H90: =G90/2500 -> 0 | I90: 2 | J90: =H90/I90 -> 0
A91: 24.1 | B91: Облицовка стен керамогранитной плиткой (с предварительной огрунтовкой) и затиркой швов | C91: м2 | D91: 163.5 | E91: 1250 | F91: =D91*E91 -> 204375 | G91: =F91*40% -> 81750 | H91: =G91/2500 -> 32.7 | I91: 2 | J91: =H91/I91 -> 16.35 | K91: 16
A92: 25 | B92: УКЛАДКА ПЛИТКИ НА ПОЛ | G92: =F92*40% -> 0 | H92: =G92/2500 -> 0 | I92: 2 | J92: =H92/I92 -> 0
A93: 25.1 | B93: Облицовка полов керамогранитной плиткой с затиркой швов и с учётом разуклонных уровней | C93: м2 | D93: 62 | E93: 1200 | F93: =D93*E93 -> 74400 | G93: =F93*40% -> 29760 | H93: =G93/2500 -> 11.904 | I93: 2 | J93: =H93/I93 -> 5.952 | K93: 6
A94: 25.2 | B94: Устройство плинтуса из керамогранита | C94: м.п | D94: 136 | E94: 400 | F94: =D94*E94 -> 54400 | G94: =F94*40% -> 21760 | H94: =G94/2500 -> 8.704 | I94: 2 | J94: =H94/I94 -> 4.352
A95: 26 | B95: МОНТАЖ РЕЕЧНОГО ПОТОЛКА | G95: =F95*40% -> 0 | H95: =G95/2500 -> 0 | I95: 2 | J95: =H95/I95 -> 0
A96: 26.1 | B96: Монтаж реечного потолка | C96: м2 | D96: 27.7 | E96: 580 | F96: =D96*E96 -> 16066 | G96: =F96*40% -> 6426.4 | H96: =G96/2500 -> 2.57056 | I96: 2 | J96: =H96/I96 -> 1.28528 | K96: 8
A97: 27 | B97: ПОТОЛОК (Чистовые работы) | G97: =F97*40% -> 0 | H97: =G97/2500 -> 0 | I97: 2 | J97: =H97/I97 -> 0
A98: 27.1 | B98: Окраска потолка в два слоя | C98: м2 | D98: 154 | E98: 350 | F98: =D98*E98 -> 53900 | G98: =F98*40% -> 21560 | H98: =G98/2500 -> 8.624 | I98: 2 | J98: =H98/I98 -> 4.312 | K98: 4
A99: 27.2 | B99: Монтаж плинтуса потолочного | C99: м.п. | D99: 176 | E99: 150 | F99: =D99*E99 -> 26400 | G99: =F99*40% -> 10560 | H99: =G99/2500 -> 4.224 | I99: 2 | J99: =H99/I99 -> 2.112 | K99: 2
A100: 28 | B100: СТЕНЫ (Чистовые работы) | G100: =F100*40% -> 0 | H100: =G100/2500 -> 0 | I100: 2 | J100: =H100/I100 -> 0
...
